projname_address_city_state_tdc_units_count
Glacier Village 9107 Mendenhall Mall Road Juneau AK  
Alabama Section 8 Portfolio 175 Robinwood Drive Alexander City AL  
Alabama Section 8 Portfolio 23 Division Street Bessemer AL  
The Park at Sydney Drive Apts 2786 Sydney Drive Birmingham AL  120
Alabama Section 8 Portfolio 100 Dugan Avenue Birmingham AL  
Alabama Section 8 Portfolio 101 Chalkville Manor Drive Birmingham AL  
Alabama Section 8 Portfolio 5812 Ellington Street Birmingham AL  
McNeill Birmingham/Columbia 2725 John Hawkins Parkway Birmingham AL  
Alabama Section 8 Portfolio 744 6th Street SW Fayette AL  
Alabama Section 8 Portfolio Scattered Multiple AL  392
Alabama Section 8 Portfolio 237 West 5th Avenue York AL  
Barrister Court Apartments 1016 McGowan Street Little Rock AR  84
"Hobby Lobby, Searcy, AR 1211 Janet Drive Searcy AR  "
Stuttgart Apartments I 507 West 1st Street Stuttgart AR 7907679 56
Stuttgart Apartments II 507 West 1st Street Stuttgart AR 7807434 56
The Tides at Downtown Gilbert 36-150 E Vaughn Avenue Gilbert AZ  42
The Commons - Buildings C and D 400 and 410 Rivulon Blvd. Gilbert AZ 46889675 
Encore on Northern 2233 W. Northern Avenue Phoenix AZ 20398465 77
Winsor Ranch Shopping Center 3415-3445 W Glendale Ave and 6767 N. 35th Ave. Phoenix AZ  
17th Place Townhomes 1001 18th Street Bakersfield CA  44
The Parker 2038 Parker Street Berkeley CA  155
Talaria at Burbank Apartments 3401 and 3425 W. Olive Avenue Burbank CA 150000000 241
Kirkwood Apartments 14041445 Kim Ct & 12-107 Kim Louise Drive Campbell CA  50
Carlsbad Oaks North - Lot 4 2810 Caribou Court Carlsbad CA  
Carson Curtiss Willard Bldgs 1651 Glenn Curtiss & 1550 - 1650 Charles Willard Carson CA  
"Watson - Pool 1 (Bldg 141, 146, 727 & 841) 15245 Van Vliet Avenue Carson CA  "
"Watson - Pool 1 (Bldg 141, 146, 727 & 841) 18780 Central Avenue Carson CA  "
"Watson - Pool 1 (Bldg 141, 146, 727 & 841) 23011 S. Wilmington Avenue Carson CA  "
"Watson - Pool 1 (Bldg 141, 146, 727 & 841) 23011 S. Wilmington Avenue Carson CA  "
Vista Creek Apartments 22432 Center Street Castro Valley CA  50
5900 Eastern Ave 5900 S Eastern Ave Commerce CA  
"Southpark Business Center - Refinance 17654,17660,17680,17760 Newhope Street 17800,17815,17835 Newhope Street Fountain Valley CA  "
Holiday Inn Express-Fremont 42200 Albrae Street Fremont CA  
7422 Chapman Ave-Note B 7422 Chapman Avenue Garden Grove CA  
Fountainhead Garden Grove 10801 Garden Grove Blvd Garden Grove CA 2000000 
Sequoia Commons Southwest corner of Riggin Ave and Road 76 Goshen CA 20510228 65
West Main Villas (Perm) 9800 Mesa Linda Street Hesperia CA  201
The Lamplighter 16102 Springdale Street Huntington Beach CA  63
Beach Medical Office Building-Refi 17742 Beach Boulevard Huntington Beach CA  
Beach Access fka Del Playa Apartments 6508 Del Playa Drive Isla Vista CA  16
Vons - Long Beach 600 E. Broadway Long Beach CA  
Casa del Sol 10966 W. Ratner St. Los Angeles CA 20927233 43
Lake Apartments 241 N. Lake Street Los Angeles CA  41
Hartford Villa 445 Hartford Avenue Los Angeles CA 45108852 101
Burbank Terrace (2019) 13930 Burbank Blvd Los Angeles CA  23
Magnolia Real (2019) 12021 Magnolia Blvd Los Angeles CA  27
The Brine 1839 Hancock Street Los Angeles CA 48231973 96
1700 Santa Fe 1700 S. Santa Fe Avenue Los Angeles CA  
8900 Bellanca Ave 8900 Bellanca Avenue Los Angeles CA  
California Club 538 S Flower St Los Angeles CA  
West LA Creative Office Portfolio 2236 S. Barrington Ave/2240-2247 Barry Ave Los Angeles CA  
West LA Creative Office Portfolio 2251 & 2252 Barry Avenue Los Angeles CA  
West LA Creative Office Portfolio 3760 Motor Avenue Los Angeles CA  
West LA Creative Office Portfolio 9300 Jefferson Ave Los Angeles CA  
"MLK Wellness Center 12021 Wilmington Avenue, Building 11 Los Angeles CA 28489003 "
Fenton National City Portfolio Various National City CA  
The Angel 8545 Sepulveda Boulevard North Hills CA 31655563 53
The Angel 8545 Sepulveda Boulevard North Hills CA 31655563 53
"Oakland CLT - SFH Portfolio 8020 Hillside St
2735 76th Ave
2684 Ritchie St Oakland CA 1136943 3"
Kensington Garden 1900 26th Ave Oakland CA 11775789 42
Westlake Christian Terrace West 275 28th Street Oakland CA 101637946 200
Camino Town & Country 2213 - 2281 El Camino Real Oceanside CA  
Mission Square Shopping Center 1006-1064 Mission Avenue Oceanside CA  
Brooks-Ontario Industrial Park 1440 & 1454 Brooks Street Ontario CA  
Branch West Orange Jewel- Construction 1725 W Katella Orange CA 36695000 94
Branch West Orange Jewel- Mezz/Equity 1725 W Katella Orange CA 35000000 94
El Paseo Plaza and Marketplace 73-547 to 73-613 Highway 111 & 73-540 to 73-580 El Paseo Palm Desert CA  
Pinole Apartments 600 Roble Avenue & 1230 San Pablo Ave Pinole CA 29244949 70
Pinole Apartments 600 Roble Avenue & 1230 San Pablo Ave Pinole CA  
Carson 7th St 10750 7th Street Rancho Cucamonga CA  
Agate Street Apartments 1318 Agate Street Redondo Beach CA  9
"La Cadena Business Park 393,425 & 455 La Cadena Drive Riverside CA  "
Shasta Hotel 1017 10th St. Sacramento CA 25466292 79
43rd Street Apartments 4046 43rd Street San Diego CA 0 11
43rd Street Apartments 4054 43rd Street San Diego CA 0 11
43rd Street Apartments 4054 43rd Street San Diego CA  
43rd St. Apartments 4046 - 4054 43rd St San Diego CA 4200000 22
8655 Production Avenue 8655 Production Avenue San Diego CA  
Futura Business Park 9445-9465 Farnham Street San Diego CA  
Mesa View Plaza 9350 Waxie Way San Diego CA  
5th & Howard - South Market 912 Howard Street San Francisco CA 159586849 405
Market Heights 1000 Tompkins Ave San Francisco CA 38513091 46
Market Heights 1000 Tompkins Ave San Francisco CA 38513091 46
1201 Powell/ 900 Jackson 1201 Powell San Francisco CA 4661343 17
1535 Jackson 1535 Jackson Street San Francisco CA 3766539 30
800 Clement/289 9th avenue 800 Clement Street/289 9th avenue San Francisco CA 7998649 16
Strawberry Park Shopping Center 609 Saratoga Avenue San Jose CA  
Serra Plaza 31910 & 31920 Del Obispo Street San Juan Capistrano CA  
Connect SLO Apartments 950 Orcutt Road San Luis Obispo CA 12281959 78
Croddy Way Industrial 2610 - 2612 Croddy Way Santa Ana CA  
66 Ocean View (Country Club Apts) 66 Ocean View Ave Santa Barbara CA  66
Plaza Riviera 835 E Canon Drive Santa Barbara CA 17960000 41
"Santa Barbara Plaza 7, 17, 29, 35, and 53 S. Milpas Street Santa Barbara CA  "
Sierra Madre Cottages 665 Sierra Madre Avenue Santa Maria CA 14523906 40
1412 14th Street 1412 14th Street Santa Monica CA  
The Marq 3637 Sonoma Avenue Santa Rosa CA  138
Casa de Oro Shopping Center - 2019 9817-9845 Campo Road Spring Valley CA  
Briarwood Square 7545 Katella Ave Stanton CA  194
Ventura Place Office Building - Refinance 12001 Ventura Place Studio City CA  
Sylmar Square 13730 Foothill Blvd Sylmar CA  
Tower Plaza 27401-27531 Ynez Road Temecula CA  
Torrance Gateway-Refinance 19780 Pacific Gateway Drive Torrance CA  
Mission Plaza Apartments 1731 Mitchell Avenue Tustin CA  94
Park Magnolia Apartments 15610 Tustin Village Way Tustin CA  76
Fountainhead 29 Palms 73690 Twentynine Palms Highway Twentynine Palms CA 2600000 
Upland Development 1690-1704 W. 11th St. Upland CA 25 
West Creek Village Center Copper Hill Drive and Rio Norte Drive Valencia CA  
Pointe Pacific Apartment Homes 13751 Edwards Street Westminster CA  160
Gateway 3500 Walden Street Aurora CO 28706701 100
Walden Street Apartments 3500 Walden Street Aurora CO  100
Pinewood and Mountain Valley MHP 235 N 2nd Street Berthoud CO  64
Pinewood and Mountain Valley MHP 171 CO-133 Carbondale CO  48
Sage Brook - Loan Assumption 7200 Leetsdale Drive Denver CO  
Ventana Apartments 5095 E Donald Avenue Denver CO  300
Denver Metro Village 1523 Quitman Street Denver CO 82911629 211
Columbia Ventures - Predevelopment LOC 4800 Race Street Denver CO  
St. Francis Apartments at Cathedral Square 1450 N Washington St. Denver CO 10590987 50
Pinewood and Mountain Valley MHP 2400 Arroyo Drive Durango CO  39
Paradise Valley MHC 585 25 1/2 Rd Grand Junction CO  254
Rose Park MHC 2910 North Avenue Grand Junction CO  
Mobile Estates 1717 5th Street Greeley CO  92
Clydesdyale Parkway consulting fee 4330 Clydesdale Parkway Loveland CO  
Tungsten Village 344 West 3rd Street Nederland CO 10514383 26
Tungsten Village 344 West 3rd Street Nederland CO 10514383 26
Aspen Park Apartments (2nd Supplemental) 301 Malley Drive Northglenn CO  388
Arroyo Village 3450 W 13th Ave. Denver CO  31800000 130
Armstrong Court Phase I New Construction 1 Armstrong Court Greenwich CT 10033476 18
60 Mansfield Road 60 Mansfield Road New London CT  104
HGI Wallingford 1181 Barnes Road Wallingford CT  
Hyacinth's Way Bruce Place SE Washington DC 13234392 45
Hyacinth's Way Bruce Place SE Washington DC 13234392 45
Diane's House 2619 Bladensburg Road NE Washington DC 13122815 42
"Randle Hill 3300 6th Street, SE Washington DC 51098160 195"
Randle Hill 3300 6th Street SE Washington DC 52203422 195
1100 Eastern Ave NE 1100 Eastern Avenue NE Washington DC 29830487 63
Eritrean Community and Civic Center 2154 24th Place NE Washington DC 1322500 
NCALL - Connections CSP 22910 Pine Road Lewes DE 0 10
Tranquil Acres MHP 70 Avenue E North Auburndale FL  154
Atlantic Crossing - Phase I Northeast corner of Atlantic Avenue & US 1 North Delray Beach FL  261
St. Lucie Mobile Village (DRS) 11500 SW Kanner Hwy Indiantown FL  222
Shoppes at Heritage Oaks 4484-4556 & 4578 SW Heritage Oaks Circle Lake City FL  
West Village Art Lofts 110 N F Street Lake Worth FL 3301300 8
Temple Court (AHF) 431 NW 3rd Street Miami FL  61
Palm Plaza 17900 Panama City Beach Parkway Panama City Beach FL  
Park East Apartments (Supplemental) 14609 Banyan Bluff Drive Tampa FL  192
Aloft - Tampa Mezz Loan 100 West Kennedy Blvd Tampa FL  
Aloft - Tampa Senior Loan 100 West Kennedy Blvd Tampa FL  
Lincoln Road Phase I 1021 & 1028 Lincoln Rd West Palm Beach FL 448990 2
Dr. Alice Moore Apts. 335 27th Street West Palm Beach FL 11106877 36
The Residences at Equality Park 2036 N. Dixie Hwy Wilton Manors FL 15345102 48
Legends Winter Springs (Legends) 440 Courtney Springs Circle Winter Springs FL  256
Villas at Lake Acworth 4694 Old Cowan Rd Acworth GA  216
Athens Medical consulting fee 340 North Milledge Ave Athens GA  
Link Grant Park 750 Kalb Street Atlanta GA 1 246
Quest Commons West 881 Rock Street Atlanta GA 15729081 53
"Quest Commons West 891 Rock St, NW Atlanta GA 16907043 53"
Holly Hills Apartments 339 Holly Street Atlanta GA 8654693 40
Quest Dalvigney 674 & 700 Dalvigney St. Atlanta GA 1077800 12
Quest Legacy @415 Griffin 415 Griffin Atlanta GA 180000 1
Rental Expansion Program 1642 Oak Knoll Cir Atlanta GA 125000 1
Rental Expansion Program  1641 Oak Knoll Cir Atlanta GA 125000 1
2045 Donald Lee Hollowell Parkway 2045 Donald Lee Hollowell Parkway Atlanta GA  
Quest Nonprofit Center 299 Joseph E. Lowery Blvd. Atlanta GA 11186276 
Kings Crossing 2985 Villa Rica Highway Dallas GA  
Mister Car Wash Felizabeth Escuadro Trst 44 Aspen Drive Dallas GA  
Scott Boulevard Senior Residences 1665 Scott Boulevard Decatur GA 15900000 90
Carrington Court 3800 Club Dr Duluth GA  446
Carrington Chase 6280 South Norcross-Tucker Rd Gwinnett GA  410
Retreat At Stonecrest Apartment Homes 40 Amanda Dr Lithonia GA  276
The Hamptons at East Cobb Apartment Homes 1523 Roswell Rd Marietta GA  196
Scott Boulevard Senior Residences 1665 Scott Boulevard North Decatur GA 19708914 90
Valdosta Commons 415 N. Irwin Avenue Ocilla GA  
Pinewood Village II 755 South Rogers Street Pooler GA  60
Brittany Woods/Park Chase (AHF) 1150 Old Statenville Road Valdosta GA  204
"Columbia Ventures - Predev LOC 2017 678 Edgewood Ave
4800 Race Street Atlanta
Denver GA
CO 44766000 40"
"Columbia Ventures - Predev LOC 2017 678 Edgewood Ave
4800 Race Street Atlanta
Denver GA
CO 90254864 190"
Havenpark-New Horizons & Holiday Park 511 East 1st St Huxley IA  289
HavenPark (Fund IV) CF III-3 Properties Multiple (3 Properties) Multiple (3 Properties) IA  479
Golf View MHC - Bridge Loan 265 Golfview Court North Liberty IA  
MidWest Country Estates MHC - Bridge Loan 123 Main Street Waukee IA  
Warren Apartments 1533 West Warren Boulevard Chicago IL 30364574 76
CMHDC Acquisition Line of Credit 225 W. Wacker Drive Chicago IL 0 60
Kids & Company 657 W. Fulton Market Unit 1 Chicago IL  
Ultimo Motors Northshore 1808-1850 Holste Road Northbrook IL  
Ultimo Motors East 150-160 W. Ogden Avenue Westmont IL  
Summit Ridge Apartments 5271 Eastwick Dr. Fort Wayne IN  54
Lima Marketplace 12000 lima road Fort Wayne IN  
AIM Media Indiana 22 W. New Rd Greenfield IN  
Greyhound Village Supplemental 3701 Shelby Street Indianapolis IN  480
Riley Towers Apartments 650 North Alabama Street Indianapolis IN  525
"Indianapolis, IN OReilly 1192 North Arlington Ave Indianapolis IN 1919967 "
Bon Air 2501 N Apperson Way Kokomo IN  94
Bon Air - Assumption 2501 North Apperson Way Kokomo IN  94
Wynn Gate Apartments 81A Wynn Gate Court New Albany IN  120
Hartzell Place Apartments 1627-1659 Hartzell Road New Haven IN  26
Lake Lemon MHC 9655 E Northshore Dr Unionville IN  87
Westhaven Estates 3762 W Old Road 30 Warsaw IN  246
Salem Courthouse Apartments 3001 Courthouse Drive West Lafayette IN  240
Fleming Court 1008 SW Fleming Court Topeka KS  116
"Broadway Townhomes 625, 645, 669 Broadway Street Brandenburg KY  40"
1001 Glengarry Drive Industrial 1001 Glengarry Drive Fairdale KY 10080648 
Brynwood Apartments 105 Rebel Drive Florence KY  30
Champion Club Apartments Supplemental 6751 Parkland Place Florence KY  144
Normandy Green Apartments 6805 Sebree Drive Florence KY  203
The Trellises Supplemental2 996 Trellises Drive Florence KY  301
The Vineyard - Supplemental 7650 Ewing Blvd Florence KY  216
Village Cross Creek (2019 Refi) 7536 Hillcrest Dr Florence KY  240
Windridge Townhomes Supplemental 6700 Hopeful Road Florence KY  144
Oakbrook Town Center 7500 Oakbrook Dr. Florence KY  
Wyndamere Apartments - Perm 101 Collins Path Georgetown KY  294
Conner Shoppes 3065 North Bend Road Hebron KY  
Highland Ridge Apartments 1400 Highland Ridge Boulevard Highland Heights KY  180
Highland Ridge Bridge 1400 Highland Ridge Blvd Highland Heights KY  180
Country Club Estates Supplemental - DMG 4011 Bramblewood Drive Independence KY  186
Thoroughbred Crossing Apts - Supplemental Loan 1346 Village Drive Lexington KY  119
Bond Street 20 2434 Nicholasville Road Lexington KY  
Capstone Distribution(Rouse) 2100 & 2120 Capstone Drive Lexington KY  
Turf Surgical 2115 Harrodsburg Rd Lexington KY  
The Lodges on English Station Road-Perm 14500 English Park Circle Louisville KY  288
Chariot Run Condominiums 5601 Chariot Run Drive Louisville KY  44
Edge on 4th Apartments - 2nd 535 S. 4th Street Louisville KY  232
Launch Intl Portfolio multiple addresses Louisville KY  104
Summit Place Apartments - refinance 5201 Eagles Park Way Louisville KY  238
The Avenue Hite Apartments 613 N. Hite Ave. Louisville KY  24
Whispering Hills Apartments 6905 Connecticut Drive Louisville KY  310
The Avenue Gleeson Apartments 2702-2704 Gleeson Ln Louisville KY  10
10501 Bunsen Way - B Note 10501 Bunsen Way Louisville KY  
6204 New Cut Road Industrial 6204 New Cut Road Louisville KY  
Airtech - 1000 Glengarry Drive 1000 Glengarry Drive Louisville KY  
Algood Food Company 7401 Tradeport Drive Louisville KY  
Germantown Square SC Refinance 1227-1265 Goss Avenue Louisville KY  
Global Drive Retail Center (Acquisition) 7001 Global Drive Louisville KY  
Global Drive Retail Center (Refi) 7001 Global Drive Louisville KY  
PPM Tour/Market Data for 7201 National Turnpike 7201 National Turnpike Louisville KY  
Quantum Business Centre (Refi) 10300 - 10496 Bluegrass Pkwy and 1901 -1929 Production Dr. Louisville KY  
City View Apartments 95 Kentucky Drive Newport KY  77
Carriage Gate Refinance 833-859 Eastern Bypass Richmond KY  
The Farm at Taylor Mill - Phase III 5136 Old Taylor Mill Raod Taylor Mill KY  72
2505 Palmyra 2505 Palmyra New Orleans LA 205000 1
2620 Palmyra 2620 Palmyra New Orleans LA 205000 1
HbH Phase 4 - Cross Subsidy Pilot 1471 Filmore New Orleans LA 250000 1
HbH Phase 4 - Cross Subsidy Pilot 1506 Pressburg New Orleans LA 200000 1
New Construction 2408 Dumaine New Orleans LA 205000 1
New Construction 1247 Tennessee New Orleans LA 160000 1
New Construction 2051 N. Miro New Orleans LA 160000 1
New Construction 2141 Mazant New Orleans LA 160000 1
New Construction 2228 St. Anthony New Orleans LA 160000 1
New Construction 2424 S. Roman New Orleans LA 160000 1
New Construction 6160 S. Hermes New Orleans LA 160000 1
New Construction 6501 Dorian New Orleans LA 160000 1
Ochsner Health Clinic 1532  Robert E. Lee Blvd New Orleans LA  
"Talbot Commons Phase I 18 New England Ave, 15 Mallard Ave Boston MA 19898465 40"
360 Second Ave 360 Second Ave Waltham MA  
Metro Heights at Mondawmin 2700 Reisterstown Rd Baltimore MD  70
Pedestal Gardens 1213-1215 Eutaw Place Baltimore MD 17510245 55
Parkview at Woodlawn 2020 Featherbed Lane Baltimore MD 15908680 101
2650 Quantico Ave 2650 Quantico Ave Baltimore MD 1500000 6
Pedestal Gardens 1715-1717 Eutaw Place Baltimore MD 35783563 48
Pedestal Gardens 1613-1617 Eutaw Place Baltimore MD 19126353 72
Pedestal Gardens 1512-1516 Eutaw Place Baltimore MD 35783563 138
Harlem Gardens 1700 Edmondson Avenue Baltimore MD  94
Govans Ecumenical Development Corporation 1010 E 33rd Street Baltimore MD 0 
Park View 2018 Portfolio 1 Featherbed and Taylor Baltimore and Nottingham MD 34185206 201
Parkview at Taylor 4102 Taylor Avenue Nottingham MD 18753660 100
Homes on Quaker Lane 17340 Quaker Lane Sandy Springs MD 17745262 80
Wayside Pines 26 Wayside Ave Bridgton ME 632000 12
Fox School 10 E. Main St. South Paris ME 3179719 12
"Worthington Park, Airway Centre, Gaines Marketplace 189 SE Marketplace Dr Caledonia MI  "
Deauville Apartments 8260 E. Ten Mile Road Centerline MI  104
Havenpark CF III - Addition IV 4359 Dogwood Blvd Clarkston MI  511
ShearWater Apartment Homes 2063 Shearwater Circle Commerce Township MI  203
Broderick Tower 10 Witherell Street Detroit MI  124
Infinity Park Townhomes 14075 Riverview Street Detroit MI  482
9100 Gratiot 9100 Gratiot Detroit MI 9500000 36
Linden Place (DRS) 4192 South Linden Road Flint MI  163
Sunridge Apartments 3348 Flushing Road Flint MI  565
Creekview Estates 400 N. Walnut Street Greenville MI  84
Labelle Towers 33 Labelle St Highland Park MI 26994857 211
"Holland,  MI OReilly 1000 Washington Avenue Holland MI 1661646 "
"Yangfeng - Holland, MI and Bryan, OH Holland- 1776 Airport Park Court, Holland, MI 49423
Bryan- 918 South Union Street Holland MI  "
Cozy Manufactured Home Community (DRS) 1249 East McDevitt Avenue Jackson MI  205
"Jackson, MI OReilly 300 E Michigan Avenue Jackson MI 0 "
Kemp & Sherman-Wow 32650 N. Avis Madison Heights MI  
"Alpine Village 3601 Alpine Drive, Midland MI  285"
RMT Acquisition 45755 Five Mile Road Plymouth Township MI  
Pontiac West 660 E. South Blvd Pontiac MI  
Kings Forest Apartments 19300 Fort Street Riverview MI  136
Shelby Park Manor North 4865 Park Manor East Shelby Township MI  198
C & D Building-2019 51446 and 51810 Danview Technology Court Shelby Township MI  
Quadrangle Office Center 29800-29880 Telegraph Road Southfield MI  
Village at Mason Creek 3066 M-37 Traverse City MI 4750000 50
Village Green of Troy East 2330 John R Road Troy MI  204
Maple Research Park 1650-1965 Research Drive Troy MI  
"Five Star, Westland MI 5235 South Merriman Road Westland MI  "
Lyon Oaks Industrial Center - Assumption 29200 Lyon Oaks Drive Wixom MI  
Unity Place 7251-7273 Unity Avenue N. Brooklyn Center MN 25520864 113
Columbia Heights Apts 3806-3816 NE Stinson Blvd Columbia Heights MN  34
Northtown Retail Center - Refi 8601 Spring Brook Drive Coon Rapids MN  
Duckwood Square - 2019 1340 Duckwood Drive Eagan MN  
Lone Oak Plaza 1250 Lone Oak Road Eagan MN  
Timber Ridge Luxury Apartments 4777 19th Street Southwest Forest Lake MN  73
"Northern Stacks V, VI, VII 51 Northern Stacks Ct, 40 51st Way, 60 51st Way Fridley MN  "
Havenpark (Fund IV) CF III Additions-I 1 Shannon Drive Hastings MN  450
IRET/Securian Portfolio I 18001 Jubilee Way Lakeville MN  272
Grand Pre Apartments-Refinance 215 County Road B2 E Little Canada MN  251
Arbor Lakes Medical 12000 Elm Creek Maple Grove MN  
Calhoun West 3028 & 3050 Ewing Avenue S and 3029 France Ave S Minneapolis MN  122
Lakewood Isles 3031 Ewing Ave S Minneapolis MN  181
Penn & Camden 3520 Penn Ave Minneapolis MN  72
Chasewood Gates 6100 Chasewood Parkway Minnetonka MN  206
The Pines of Rochester 4820 Alpha Pkwy NW Rochester MN  192
Palisades Apartments 550 Sandhurst Drive West Roseville MN  330
Havenpark (Fund IV) CF III Addition II - Colonial Estates & Bel Clare 3210 Bel Clare Drive Saint Cloud MN  289
22 on the River - Refinance 740 River Drive Saint Paul MN  125
Bluebird Apartments 904 Rice St Saint Paul MN  31
Irvine Park Tower - Refi 291 7th Street W Saint Paul MN  96
Energy Tech Center 1450 Energy Park Dr Saint Paul MN  
ExchangeRight 27 Various Various MN  
ExchangeRight 28 Various Various MN  
Bel Clare MHC Bridge 3210 Bel Clare Drive Waite Park MN  
IRET/Securian Portfolio I 690 Prosper Dr. Waite Park MN  313
Court Fairview MHC 833 High View Dr Fenton MO  208
The Kings Apartments 11330 Colorado Avenue Kansas City MO  408
Preservation Square 1405 N 16th Street St Saint Louis MO 34937825 131
Grand Villa MHC 2526 W Grand St Springfield MO  
"Loop Exchange Apartments 721 Interdrive, 723 Interdrive, 725 Interdrive, etc University City (St. Louis) MO  32"
Golden Key Apartments 3430 Albermarle Jackson MS 20295567 152
Golden Key Apartments 3430 Albermarle Jackson MS 20295567 152
Vital Records 2020 Northwest Progress Parkway Jackson MS  
Lone Oak Apartments 101 Lone Oak Drive Laurel MS 11278370 100
Oak Apartments  101 Lone Oak Drive Laurel  MS  100
Silver Creek Apts 1481 25th Ave North Bozeman MT 22255000 118
Forest Ridge Apartments 100 Ashewood Circle Asheboro NC  204
Eagle Market Place 21 Eagle Street Asheville NC  62
Lee Walker Heights- RAD 17 Wilbar Ave Asheville NC 43227038 212
924 W Sugar Creek 924 W Sugar Creek Charlotte NC 31022683 180
Bingham Park 120 Bingham Drive Charlotte NC 9791080 60
Sharon Oaks 4701 Arching Oak Lane Charlotte NC  98
Timber Ridge (AHF) 7123 Barrington Drive Charlotte NC  101
332 West Bland Street 332 West Bland Street Charlotte NC  
935 S Summit Avenue 935 S. Summit Avenue Charlotte NC  
Baker Roofing: Charlotte & Greensboro 4700 Nations Crossing Road Charlotte NC  
Cheshire Commons 6430 W Sugar Creek Road Charlotte NC  
Cheshire Place 3716 W WT Harris Boulevard Charlotte NC  
Prosperity Park 10215 Prosperity Park Drive Charlotte NC  
The Refinery 1213 W. Morehead St. Charlotte NC  
Tryon Medical Office 16817 Marvin Road Charlotte NC  
Two Silver Crescent 1916 Ayrsley Town Boulevard Charlotte NC  
Riverwood Villas IV 400 Athletic Club Blvd Clayton NC  32
Columbus Commons 155 West Mills Street Columbus NC  
Columbus Plaza 250 West Mills Street Columbus NC  
Heights at McArthur Park 2523 Mulranny Drive Fayetteville NC  288
Walgreens 2605 Raeford Road Fayetteville NC  
Health Park - Perm Loan 100 300 & 400 Health Park Dr. Garner NC  
Piedmont Place Apartment Homes - Assumption 5817 Garden Village Court Greensboro NC  100
"Fairfax Business Center 101, 102, 120 & 2100 Fairfax Rd. & 2015 Kaufelt St. Greensboro NC  "
Croatan Forest Apartments 25 Mustang Court Havelock NC  92
Brentwood Crossing (AHF) 308 Brentwood Street High Point NC  136
Willow Woods Apartment Homes - Supplemental 3019 Ingleside Dr. High Point NC  112
Shops at Sycamore 2309 Matthews Township Parkway Matthews NC  
Sherwood MHC 753 Tallman Circle Midway Park NC  207
Crosslake Expo Center 131 Crosslake Park Dr. Mooresville NC  
Rocky River Promenade 1339 Shearers Road Mooresville NC  
Tristone Flowtech Industrial 208 Manufacturers Blvd Mooresville NC  
The Greens at Arboretum 205 McCaskill Road Pinehurst NC  72
WAG-Pinehurst 250 Ivy Lane Pinehurst NC  
Lynchburg Crossing 5909 & 5943 NC-11 South Pink Hill NC  
Beacon Ridge 2003 State Street Raleigh NC 24015111 120
Cedar Moor Apartments (AHF) 2410 Melvid Court Raleigh NC  81
Capital Towers 4808 Six Forks Road Raleigh NC 48861664 298
Capital Towers 4808 Six Forks Road Raleigh NC 48861664 298
Quarles Portfolio 2608 Tatton Drive Raleigh NC  
The Cliffs at Waterford 859 Cliff Circle Spring Lake NC  144
Pinecroft Shopping Center NC 211 & Main St. aka 110-305 Ivey Lane Taylortown NC  
Village Commons PH II 6350 Weddingnton-Monroe Rd Wesley Chapel NC  
Shipyard Village 719 Galley Lane Wilmington NC  96
Hillside Garden Apartments 1393 Chestnut Plains Court Winston-Salem NC  24
Zebulon Commons 877 East Gannon Avenue Zebulon NC  
"Havenpark (Fund IV) CF III Addition II - Colonial Estates & Bel Clare 1501 E Bismarck Expressway, Bismarck ND  280"
Creekside at Osgood II 4707 46th Street South Fargo ND  66
Havenpark CF III - Addition IV 1001 Gibraltor Avenue Fargo ND  163
Havenpark CF III - Addition IV 2500 5th Avenue South Fargo ND  204
Hunters View Apartments 3807 30th Ave S Fargo ND  172
Kennedy Park Townhomes 18721 17th Avenue North Wahpeton ND 7918686 40
Havenpark CF III - Addition IV 825 1st Avenue East West Fargo ND  390
IRET/Securian Portfolio I 5900 Roose St. Lincoln NE  264
IRET/Securian Portfolio I 9670 Berry Plaza Omaha NE  234
Meadows 30 Brown Rd. Hampton Falls NH 10362294 48
River Grove Apartments 28 Terrace Street Bridgeton NJ 20379339 68
Centennial Village Bridge (SVN) 1200 E State St Camden NJ  200
Riverside Apartments 12-18 Riverside Drive Cranford NJ  46
Magnolia Lane 60 Passaic Avenue Fairfield NJ  34
Freedom Village at Robbinsville Route 33 and North Commerce Square Robbinsville NJ 20209600 72
Academy Terrace 6401 Academy Road NE Albuquerque NM  232
Juan Tabo 11000 Montgomery Blvd NE Albuquerque NM  
El Paseo Plaza 312-320 E Wyatt Drive Las Cruces NM  
Panorama Estates MHC 591 S 9th Street Elko NV  147
Harlow Apartments - DEBT 10620 W Alexander Rd Las Vegas NV  98
Harlow Apartments - EQUITY 10620 W Alexander Rd Las Vegas NV  98
Deer Springs Village 6680-6770 N. Hualapai Way Las Vegas NV 13500000 
"Highland Industrial Center - Refinance 2910,2950,2960,3000 & 3010 S. Highland Drive Las Vegas NV  "
Hughes Tech Center - 585 Pilot Road 585 Pilot Road Las Vegas NV  
Hughes Tech Center - 625 Pilot Road 625 Pilot Road Las Vegas NV  
Haddies Shell Station 7711 N. El Capitan Way North Las Vegas NV  
McCarran 80 Business Center 305 E. Glendale Avenue Sparks NV  
St. Francis 1540 Shakespeare Ave Bronx NY 48796478 110
PE2 LLC 700 Manida Bronx NY 42579000 108
1923 West Farms - Compass 6 Refi 1923 West Farms Road Bronx NY 107000000 261
2069 Bruckner 2069 Bruckner Boulevard Bronx NY 262584422 336
"Webster Avenue 3099 Webster Avenue
3101 Webster Avenue
3095 Webster Avenue Bronx NY 48584197 116"
1080 Washington 1080 Washington Avenue Bronx NY 82743940 155
Jerome Court 1769 Jerome Ave Bronx NY 98878305 176
RiseBoro S4 2019 565 Bushwick Ave Brooklyn NY  
RiseBoro S4 2019 565 Bushwick Ave Brooklyn NY  
Cornaga Commons 19-38 Cornaga Avenue Far Rockaway NY 123784304 253
"Glendale 71-15 65th Street
71-21 65th Street
71-27 65th Street Flushing NY 21998280 70"
"Essie Jeffries Apartments HDFC 531 W. 160TH STREET 
547 W. 160TH STREET 
500 W. 159TH STREET New York NY 13070511 65"
W 150th Street Cluster 601 W 148th Street New York NY 10199722 20
Amsterdam Avenue Cluster  2110 Amsterdam Ave New York NY 23000000 12
Amsterdam Avenue Cluster  2794 8th Avenne New York NY  17
Amsterdam Avenue Cluster  2185 Amsterdam Ave New York NY  22
Amsterdam Avenue Cluster  2488-90 7th Avenue New York NY  22
"Troy Manor and Kris Kristensen 308 Ashburton Avenue, 208 Willow Street Yonkers NY 26480239 86"
"Rubber City (Goodyear) 150 & 200 Innovation Way
142 Goodyear Blvd & 130 Johns Ave
309 Sieberling St
1485 E Archwood Ave Akron OH  "
Green Road Office Building 3637 Green Road Beachwood OH  
Colony Club Apartments and Townhomes 681 Turney Road Bedford OH  588
Bedford Retail (Former Walmart) 22209 Rockside Road Bedford OH  
Village on South Carpenter (2019) 1474 South Carpenter Road Brunswick OH  246
DMG - Carlisle Crossing 950 Dubois Road Carlisle OH  188
Crane Factory Flats 824 Broadway Street Cincinnati OH  69
Deercross Apartments 9210 Deercross Parkway Cincinnati OH  336
Groesbeck Gardens 5850 Pameleen Court Cincinnati OH  33
Kanter Portfolio Various Cincinnati OH  779
LaFeuille Apartments 2682 LaFeuille Circle Cincinnati OH  207
Village Square Apartments 6212 Cheviot Road Cincinnati OH  72
West Pointe Townhomes 4402 Clevesdale Drive Cincinnati OH  54
Imbus Self Storage 6251 Glenway Avenue Cincinnati OH  
Liberty Dialysis 2071 Sherman Avenue Cincinnati OH  
Reinhold Drive Industrial 7712 Reinhold Drive Cincinnati OH  
Residences at Ag47 6847 Stewart Road Cincinnati OH  204
"Green Industrial Portfolio II 5791 Creek Rd, 11430, 11472 & 11574 Gondola St., 4483 N. Route 42, Cincinnati/Mason OH  "
Clinton West 3007 Clinton Avenue Cleveland OH  70
Ideal Mobile Home Park 2700 Brookpark Road Cleveland OH  169
Mueller Lofts 1587 E 31st Street Cleveland OH  51
One University Circle (Permanent) 10730 Euclid Avenue Cleveland OH  276
Rebuild Old Brooklyn 4014 Gifford Cleveland OH 139673 1
Rebuild Old Brooklyn 4329 W. 52nd Street Cleveland OH 86041 1
Predevelopment LOC 2019 4609 Rocky River Drive Cleveland OH 50701487 204
100 Homes Initiative 11625 Buckingham Avenue Cleveland OH 84968 1
100 Homes Initiative 11805 Guardian Blvd Cleveland OH 17978 1
100 Homes Initiative 12112 Longmead Avenue Cleveland OH 60023 1
100 Homes Initiative 12512 Milligan Avenue Cleveland OH 64752 1
100 Homes Initiative 2177 W. 95th Street Cleveland OH 70227 1
100 Homes Initiative 2205 E. 82nd Street Cleveland OH 79866 1
100 Homes Initiative 2645 E. 110th Street Cleveland OH 42455 1
100 Homes Initiative 3193 E. 119th Street Cleveland OH 67801 1
100 Homes Initiative 3242 W. 115th Street Cleveland OH 79866 1
100 Homes Initiative 3261 E. 130th Street Cleveland OH 60017 1
100 Homes Initiative 3283 E. 130th Street Cleveland OH 61160 1
100 Homes Initiative 3291 E. 130th Street Cleveland OH 62901 1
100 Homes Initiative 3295 E. 130th Street Cleveland OH 61907 1
100 Homes Initiative 3416 E. 134th Street Cleveland OH 59096 1
100 Homes Initiative 3418 W. 54th Street Cleveland OH 79866 1
100 Homes Initiative 3478 W. 97th Street Cleveland OH 76959 1
100 Homes Initiative 3559 W. 129th Street Cleveland OH 79866 1
100 Homes Initiative 709 E. 162nd Street Cleveland OH 41736 1
100 Homes Initiative 8110 Platt Avenue Cleveland OH 48348 1
CCLRC/ Developer Partnership Program 15409 Parkgrove Cleveland OH 33000 1
CCLRC/ Developer Partnership Program 16010 Arcade Cleveland OH 25000 1
CCLRC/ Developer Partnership Program 496 E 108 Cleveland OH 16000 1
CCLRC/ Developer Partnership Program 1259 E 187 Cleveland OH 10000 1
CCLRC/ Developer Partnership Program 1309 E 188 Cleveland OH 10000 1
CCLRC/ Developer Partnership Program 1422 E 175 Cleveland OH 10000 1
CCLRC/ Developer Partnership Program 15314 Shiloh Cleveland OH 12000 1
CCLRC/ Developer Partnership Program 16722 Grovewood Cleveland OH 25000 1
CCLRC/ Developer Partnership Program 18416 Lakeshore Bl Cleveland OH 10000 1
CCLRC/ Developer Partnership Program 2460 Greenvale Cleveland OH 18000 1
CCLRC/ Developer Partnership Program 382 E 162 Cleveland OH 21000 1
CCLRC/ Developer Partnership Program 463 E 118 Cleveland OH 24000 1
CCLRC/ Developer Partnership Program 505 E 109 Cleveland OH 20000 1
CCLRC/ Developer Partnership Program 509 E 109 Cleveland OH 20000 1
CCLRC/ Developer Partnership Program 908 Stevenson Cleveland OH 18000 1
CCLRC/ Developer Partnership Program 932 London Cleveland OH 25000 1
CCLRC/ Developer Partnership Program 13809 Earlwood Cleveland OH 18000 2
CCLRC/ Developer Partnership Program 429 E 156 Cleveland OH 27500 2
Historic Homes 10624 Wade Park Cleveland OH 290000 1
"International Village Clark Fulton, Stockyards Neighborhoods - 3145 W 46th St Cleveland OH 1000000 20"
Neighbors Invest in Broadway 3620 East 54th Cleveland OH 48000 1
Neighbors Invest in Broadway 4007 East 55th Cleveland OH 33000 1
Neighbors Invest in Broadway 4075 East 56th Cleveland OH 35000 1
Neighbors Invest in Broadway 6409 Fullerton  Cleveland OH 35000 1
Neighbors Invest in Broadway 7300 Canton Cleveland OH 17000 1
Neighbors Invest in Broadway 3540 Independence Cleveland OH 25000 1
Neighbors Invest in Broadway 4015 East 55th Cleveland OH 30000 1
Neighbors Invest in Broadway 6916 Hosmer Cleveland OH 40000 2
Neighbors Invest in Broadway 3782 East 54th Cleveland OH 45000 2
Rebuild Old Brooklyn 4312 Gifford Cleveland OH 70425 1
Rebuild Old Brooklyn 2718 Oak Park Cleveland OH 88882 1
Rebuild Old Brooklyn 3805 Buechner Cleveland OH 72953 1
Rebuild Old Brooklyn 3102 Montclair Cleveland OH 60523 2
Fairview Gardens 3207 Franklin Blvd Cleveland OH 2500000 40
Slavic Village Recovery 3695 East 52nd Cleveland OH 78000 1
Slavic Village Recovery 5707 Hege Cleveland OH 62000 1
Slavic Village Recovery 3875 East 57th Cleveland OH 48500 1
Slavic Village Recovery 7005 Ottawa Cleveland OH 78900 1
Cleveland State University- Union Bldg 1836 Euclid Cleveland OH  
Mandel / United Way of Greater Cleveland 1331 Euclid Ave Cleveland OH  
Midwest Medical Transport 10617 Cedar Avenue Cleveland OH  
Settlers Point - Perm 1400 W 10th St Cleveland OH  
Shoppes at Church Square Supplemental 7973 Euclid Avenue Cleveland OH  
Predevelopment LOC 2019 4609 Rocky River Drive Cleveland OH  
Addison Woods 1655 Gilmore Park Ave. Columbus OH  56
Legacy Apartments 730 Civitas Avenue Columbus OH  266
The Normandy Portfolo 295-329 E Long St. Columbus OH  268
The View at Polaris 601 Flarestar Avenue Columbus OH  240
1504-1530 Kenny Road 1504-1530 Kenny Road Columbus OH  28
Bayberry Place Townhomes Sup 2 2300 Deewood Drive Columbus OH  296
"Columbus Portfolio Hibernia Mallard Landing Timbercreek 5680 Hibernia Dr,
2514 Mallards Landing
3264 Green Meadows St Columbus OH  676"
Copley Park Supplemental 7505 Worthington Galena Road Columbus OH  144
District at Tuttle Refi 4020 Cyber Avenue Columbus OH  228
Hubbard Park Place 797 N Wall St Columbus OH  101
Mason Run Apartments 2223 Courtside Dr Columbus OH  102
NorthPark Place 1350 Gage St. Columbus OH  165
Sawmill Ravine Townhomes 3116 Hayden Road Columbus OH  155
The Enclave at Albany Park 4955 Enclave Boulevard Columbus OH  156
The Quinn Apartments 1341 Norton AVe Columbus OH  153
Carriage House 3535 Derbyshire Drive Columbus OH 23173007 190
Carriage House 3535 Derbyshire Drive Columbus OH  190
Mallard's Landing & Timercreek Village 2514 Mallards Landing & 3264 Green Meadows Columbus OH 25988875 328
Buggyworks 390-400 W. Nationwide Blvd. Columbus OH  
Fiesta Center I 1313-1315 W. Lane Avenue Columbus OH  
Orchard Knoll Office Building 8351 N. High Street Columbus OH  
Rivers Edge Apartments 4346 D1 Riverside Drive Dayton OH  536
Greydon House (GOP Portfolio) 5284 Avery Road Dublin OH  144
Gage Crossing 5927 Avery Woods Avenue Dublin OH  196
The Charles at Riggins Run 5252 Riggins Run Dublin OH  318
Hunters Crossing Apartments 100 Hunters Crossing Drive Elyria OH  232
Shops at Valle Green 1171 E. Dayton Yellow Springs Road Fairborn OH  
Imbus Self Storage 6128 Pleasant Avenue Fairfield OH  
KFC - Fremont 1712 W. State Street Fremont OH  
Eastgate Business Center 1801-1831 Deffenbaugh Court Gahanna OH  
Garfield Villas Refinance 5150-5200 East 88th Street Garfield Heights OH  112
Gateway Lakes Apartments 3799 Gateway Lakes Drive Grove city OH  252
The Willows Apartments 2365 Hardy Parkway Grove City OH  103
Home 2 Suites / Tru Hotel I-71 & Stringtown Rd Grove City OH 30000000 
Highland Place 6151 Wilson Mills Road Highland Heights OH  
Peyton Park (GOP Portfolio) 2581 Walcutt Rd. Hilliard OH  128
"Residences at Breckenridge - Supplemental 5160 Preferred Place, Hilliard OH  208"
Executive Boulevard Industrial III 6094-6104 Executive Boulevard Huber Heights OH  
Lake Club at Polaris Supplemental 1038 Bayridge Dr Lewis Center OH  432
Oak Creek at Polaris 9005 Oak Village Boulevard Lewis Center OH  304
Shawnee Lakes 2855 Bird Creek Lima OH  148
The Falls at Landen - 2nd 7401 Landen Falls Drive Maineville OH  224
600 Beta (Acquisition) 600 Beta Dr Mayfield Village OH  
Fat Heads 17450 Engle Lake Drive Middleburg Heights OH  
Imbus Self Storage 874 State Route 28 Milford OH  
IRG Moraine 2601 West Stroop Moraine OH  
Premier Portfolio ADD ON multiple addresses Multiple cities OH  
Buckhorn Village 814 Mill Alley Newcomerstown OH 6160372 50
Havenpark CF III - Addition IV 6610 Lear Nagle Road North Ridgeville OH  234
Giant Eagle - North Ridgeville 34259-34373 Center Ridge Road North Ridgeville OH  
Planet Fitness 2155 Village Mall Drive Ontario OH  
Catalina Club Luxury Apartments 100 Catalina Lane Pataskala OH  156
Overland Park (GOP Portfolio) 201 Courtright Drive East Pickerington OH  176
Shyville Senior Housing 2710 Shyville Road Piketon OH 7669156 42
Vansant Commons 2626 Shyville Road Piketon OH  97
Oakbrook Apartment Homes 7670 North Oakbrook Drive Reynoldsburg OH  181
"Worthington Park, Airway Centre, Gaines Marketplace 104-194 Woodman Drive Riverside OH  "
Oakwood Commons 1876 Warrensville Center Rd South Euclid OH  
Summit County Apartments 3663-3693 Kent Road Stow OH  12
Heritage Landing 9505 - 9545 State Route 14 Streetsboro OH  
Sunbury Pointe 2199 Rushmore Ln Sunbury OH  146
Summit County Apartments 550 Colony Park Dr. Tallmadge OH  8
Ottawa Landings Luxury Apartments - DMG 4005 Hill Ave. Toledo OH  123
"RJ Lloyd Portfolio Tamarack Creek (160 units) – 4137 Secor Road, Toledo, OH 43623
Alexor Apartments (120 units) – 5631 & 5635 Secor Road, Toledo, OH 43623
Jackman Grove (64 units) – 4435 & 4449 Jackman Road, Toledo, OH 43612
Picadilly West (240 units) – 540 W Alexis Road, Toledo, OH 43612
Picadilly East (368 units) – 2750 Pickle Road, Oregon, OH 43616 Toledo OH  952"
Dr. Pepper Snapple (Refi) 8400 Darrow Rd Twinsburg OH  
Shaker Park Gardens 4401 Northfield Road Warrensville Heights OH  151
Shaker Park Gardens Apartments 4401 Northfield Road Warrensville Heights OH 20912899 151
The Village at Emerson Park 6735 Brookline Gardens Rd. Westerville OH  240
St-Andrews-at-Little-Turtle-Refinance 5400 Lakota Drive Westerville OH  102
Eastwind Drive Industrial 975 Eastwind Drive Westerville OH  
Chagrin Riverwalk Residences East 38601 Mentor Avenue Willoughby OH  66
Stone Pointe Apartments 5050 SOM Center Road Willoughby OH  146
Tamarac  Apartments 38360 Tamarac Blvd Willoughby OH  642
GOJO Wooster Manufacturing 1147 Akron Road Wooster OH  
"Worthington Park, Airway Centre, Gaines Marketplace 1425 Worthington Centre Dr Worthington OH  "
Xenia Industrial (IRG) 1003 Bellbrook Avenue Xenia OH  
Deer Park & Apple Run Apartments 301 NW Williams Ave & 2403 NW 23rd St Building Lawton OK  152
AIM Media Midwest 4500 Lyons Road Miamisburg OH  
German Corner MHC - Supplemental 11516 East 113th Place Owasso OK  107
Countrywood Apartment Homes 17700 SW Shaw Street Beaverton OR  31
Hillside Village (Rogue River Port) 156 E Montgomery Ave Glendale OR 4901614 24
Fernwood Apartments 18713 Central Point Road Oregon City OR  110
Connery Place-Supplemental 8130 SE Mill Street Portland OR  72
Valerie Hills (Rogue River Port) 701-785 N River Road Rogue River OR 7844828 42
Woodville Village (Rogue River Port) 199 Rogue Lane Rogue River OR 4570797 36
Rogue River Portfolio 701 N River Rd Rogue River OR 19681329 102
160 Bethlehem Pike 160 Bethlehem Pike Colmar PA  
Long Crest Senior Housing 924 W Walnut Steet Lancaster PA 19626443 52
Pioneer Apartments Cherry Alley and 10th Street New Kensington PA 11380390 36
Chrin Commerce Center (Lot 29) 2505 Hollo Road Palmer Township PA  
Riverview Towers 52 Garetta Street Pittsburgh PA 27136058 192
Spring House at Brandywine 900 Reisling Lane West Chester PA  212
Kettle Point 12 Captain John Jacobs Rd East Providence RI  130
Riverland Woods 1001 Riverland Woods Place Charleston SC  288
Atlantic Palms 2510 Atlantic Palms Lane Charleston SC  312
The Orchard Columbia - Phase III 158 Bluff Road Columbia SC  84
Grove at St. Andrews 716 Zimalecrest Drive Columbia SC 41219889 622
Summit Commons 4760 Hard Scrabble Road Columbia SC  
Twin Lakes Estates (DRS) 7001 Lakes Blvd Fort Mill SC  255
Boulder Creek Apartments (AHF) 300 Furman Hall Road Greenville SC  200
Shemwood Crossing Apartments (AHF) 100 Shemwood Lane Greenville SC  200
10 Academy St.(existing office) - Bridge 10 Academy St. Greenville SC  
10 S. Academy(office) ReFi BWE 10 South Academy Street Greenville SC  
The Peaks at Manning 100 Weinburg Drive Manning SC 9310977 42
Mount Pleasant Creative Office 774 S Shelmore Blvd Mount Pleasant SC  
Walgreens North Charleston Additional Funding 7501 Rivers Avenue North Charleston SC  
Go Store It - Okatie 5 Stockade Dr Ridgeland SC  
Crescent Hill Apartments (AHF) 108 Pineneedle Dr Spartanburg SC  150
Best Western Plus-Spartanburg 125 Sloane Garden Road Spartanburg SC  
Spring Grove (AHF) 1900 Boling Road Extension Taylors SC  200
Boulder Creek I 7601 W Boulder Creek Place Sioux Falls SD  68
Boulder Creek II 7700 West Boulder Creek Place Sioux Falls SD  66
Walgreens TN 7790 Wolf River Blvd Germantown TN  
High Point at Jackson Walk 238 West Deaderick Jackson TN  120
Bond Street Fund 18 1120 & 1150 W. State of Franklin Rd and 3905 Lebanon Pike Johnson City and Hermitage TN  
Knoxville Industrial 2801 Red Dog Lane Knoxville TN  
Hampton Terrace 300 East Webster St Madison TN 27556250 274
Bond Street 20 1970 & 1986 Medical Center Parkway Murfreesboro TN  
Millennium Apartments 1714 Seiifried St Nashville TN 1300000 25
"Tennessee Section 8 Portfolio (SVN) 705 West Wood St
597 Sanford Hill Rd
266 Roosevelt Parkway East
33 Carver St
500 Riley Road
702 Westview Road Paris
Henderson
Jackson
Jackson
Ridgely
Somerville TN  319"
Bridge at Asher 10505 South IH-35 Austin TX  452
Trifecta Square 8033 Gessner Drive Austin TX  52
Walnut Creek Apartments 6409 Springdale Road Austin TX 18523801 98
21 Pearl Street 21 Pearl Street Austin TX  
Country Village Mobile Home Community 913 Cottonwood Circle Corsicana TX  86
Villas Del Zocalo 1 3130 Webb Chapel Ext Dallas TX  206
Legacy Trails of Decatur 228 Buchanan Road Decatur TX 10129064 70
Keystone Place 1331 Pullman Drive El Paso TX  52
Patriot Pointe Resource Dr & SE Loop 820 Fort Worth TX 43140520 220
Stallion Ridge SE Corner of Shelby and Race Fort Worth TX 42545018 204
Stonecrossing of Westchase 3030 Elmside Drive Houston TX  384
Indian Lake Apt (Henderson 1575) NWC Henderson & Old Alice Indian Lake TX  80
Spencer Mini Storage 11220 Spencer Highway La Porte TX  
Thrive Lubbock 210 Winston Ave Lubbock TX  1
Stoneridge Apartments 16701 N. Heatherwilde Blvd. Pflugerville TX  256
Veranda Townhomes 9100 Coit Rd Plano TX 13307557 40
Crystal Creek Park Apartments 8101 Honeywood Trail Port Arthur TX  202
Pebble Creek - Bridge Loan 4251 Jimmy Johnson Blvd Port Arthur TX  208
"Legacy House 4248 10th Avenue
2245 Salisbury Drive
5941 Texas Street Port Arthur TX 197696 3"
ExchangeRight 26 Various Various TX  
Hamilton Crossing 31731 Waller Tomball Road Waller TX 11978512 80
Eagle Heights Village Phase 1 2600 East Eagle Mountain Boulevard Eagle Mountain UT 19306508 80
Eagle Heights Village Phase 2 2602 East Eagle Mountain Boulevard Eagle Mountain UT 19306508 80
Eagle Heights Village Phase 3 2604 East Eagle Mountain Boulevard Eagle Mountain UT 19306508 80
Eagle Heights Village Phase 4 2606 East Eagle Mountain Boulevard Eagle Mountain UT 14479881 60
Eagle Heights Village Phase 1 2600 East Eagle Mountain Boulevard Eagle Mountain UT 19906988 80
Jordan Bluffs 8095 South Seghini Drive Midvale UT 35071584 190
MAPS Senior Living 354 W. William Way Moab UT 7727034 36
Murray Depot Apartments 54 West Fireclay Ave Murray UT 20343579 94
The Landing at Five Points 165 North Harrisville Road Ogden UT 13634390 66
Lincoln Tower Apartments 2017 Lincoln St East Salt Lake City UT 18105756 96
Arcadia Apartments II 172 Harrison Street Sandy UT 39518245 177
Riverwalk Village 2450 E. Dinosaur Crossing Drive St. George UT 11984881 55
Gainesville VA Senior Living 7717 James Madison Highway Gainesville VA 19750000 64
Monroe Gates 20 Libby Street Hampton VA 26761063 162
Bridgewater at Town Center 507 Marcella Rd Hampton VA  216
The Lakes at Town Center 900 Lakeridge Rd Hampton VA  283
Bond Street Fund 19 2011 Von Schilling Drive/2051-2099 Sun Harbour View Blvd Hampton/Suffolk VA  
Rite Aid Portfolio 975 Hodges Ferry Road Portsmouth VA  
Henrico Arms 1600 Henrico Arms Street Richmond VA 16003397 232
Pocono Crossing - BWE Bridge 10400 Midlothian Turnpike Richmond VA  
Pocono Crossing - JCR 10400 Midlothian Turnpike Richmond VA  
Afton Gardens Apartments (AHF) 713 Hunt Avenue NW Roanoke VA  108
Willow View Townhomes 102 Baylor Street Staunton VA  110
South Plaza Storage 4588 South Plaza Trail Virginia Beach VA  
Shoppes at Merrimac 455 Merrimac Trail Williamsburg VA  
Avaire (AKA Casino Lane) Supplemental 824 W. Casino Road Everett WA  96
Bryson Square 24006 108th Place SE Kent WA  198
Meridian Garden 13101 SE 240th Street Kent WA  80
Washington Square Village 825 32nd Avenue Longview WA  127
WGL Mattawa II 24065 SW Road T-3 Mattawa WA 6117100 24
Royal City II E. Cherry & Apple Ave NE Royal City WA 12183932 51
Rev Fremont Apartments 317 NW 41st Street Seattle WA  49
Coronado Springs Cottages 1400 SW 107th Street Seattle WA 43275617 148
Liberty Bank 2320 E Union St Seattle WA  115
The North Lot 1200 12th Avenue South Seattle  WA 138337263 262
"M2J Business Park 6300 NW James St. Road and 3000, 3012, 3110 & 3104 NE Minnehaha Blvd. Vancouver WA  "
Fayette Square 637 Fayette Square Oak Hill WV  
Alpine Village 500 Shaffer Street Terra Alta WV 4366380 44
ExchangeRight 29     
The Gates at West Bay 272 W Bay Ave Norfolk VA  202
